Protein1,Protein2,AbsPos1,AbsPos2,score
Nup120,Nup120,17,412,1
Nup120,Nup120,17,735,1
Nup120,Nup120,206,217,1
Nup120,Nup120,384,362,1
Nup120,Nup120,400,530,1
Nup120,Nup120,400,531,1
Nup120,Nup120,400,735,1
Nup120,Nup120,735,412,1
Nup120,Nup145c,943,672,1
Nup120,Nup145c,943,681,1
Nup120,Nup120,972,963,1
Nup120,Nup145c,972,681,1
Nup120,Nup145c,972,694,1
Nup120,Nup85,972,729,1
Nup120,Nup85,972,733,1
Nup120,Nup85,972,734,1
Nup133,Nup133,1034,946,1
Nup133,Nup133,1072,1034,1
Nup133,Nup133,1072,1035,1
Nup133,Nup133,1072,936,1
Nup133,Nup133,115,59,1
Nup133,Nup133,168,191,1
Nup133,Nup133,171,191,1
Nup133,Nup133,191,239,1
Nup133,Nup133,278,239,1
Nup133,Nup133,488,442,1
Nup133,Nup133,506,59,1
Nup133,Nup133,532,488,1
Nup133,Nup133,544,488,1
Nup133,Nup133,59,5,1
Nup133,Nup133,913,946,1
Nup133,Nup84,936,712,1
Nup133,Nup133,946,912,1
Nup133,Nup133,966,963,1
Nup133,Nup84,966,625,1
Nup133,Nup133,973,976,1
Nup145c,Nup145c,1,39,1
Nup145c,Nup145c,1,43,1
Nup145c,Nup85,1,163,1
Nup145c,Nup85,1,564,1
Nup145c,Nup145c,163,174,1
Nup145c,Nup145c,183,174,1
Nup145c,Nup145c,183,197,1
Nup145c,Sec13,183,282,1
Nup145c,Nup145c,204,532,1
Nup145c,Nup145c,227,183,1
Nup145c,Nup145c,236,219,1
Nup145c,Nup145c,284,357,1
Nup145c,Nup84,353,154,1
Nup145c,Nup145c,360,353,1
Nup145c,Nup85,39,163,1
Nup145c,Nup85,39,2,1
Nup145c,Nup85,39,680,1
Nup145c,Nup85,43,163,1
Nup145c,Nup145c,48,39,1
Nup145c,Nup145c,59,39,1
Nup145c,Nup145c,59,43,1
Nup145c,Nup85,59,564,1
Nup145c,Nup85,59,680,1
Nup145c,Nup145c,593,694,1
Nup145c,Nup145c,642,681,1
Nup145c,Nup145c,642,683,1
Nup145c,Nup145c,642,694,1
Nup145c,Nup145c,668,593,1
Nup145c,Nup145c,67,43,1
Nup145c,Nup145c,681,711,1
Nup145c,Nup145c,683,672,1
Nup145c,Nup145c,694,649,1
Nup145c,Nup145c,694,672,1
Nup145c,Nup145c,694,681,1
Nup145c,Nup85,694,729,1
Nup145c,Nup145c,707,681,1
Nup84,Nup84,114,107,1
Nup84,Nup84,20,459,1
Nup84,Nup84,23,14,1
Nup84,Nup84,23,460,1
Nup84,Nup84,460,20,1
Nup84,Nup84,544,670,1
Nup84,Nup84,573,544,1
Nup84,Nup84,573,560,1
Nup84,Nup84,592,560,1
Nup84,Nup84,592,625,1
Nup84,Nup84,602,544,1
Nup84,Nup84,66,382,1
Nup84,Nup84,669,676,1
Nup84,Nup84,669,712,1
Nup85,Nup85,102,163,1
Nup85,Nup85,231,2,1
Nup85,Nup85,231,238,1
Nup85,Nup85,247,237,1
Nup85,Nup85,247,345,1
Nup85,Nup85,293,2,1
Nup85,Nup85,30,1,1
Nup85,Nup85,30,163,1
Nup85,Nup85,30,2,1
Nup85,Nup85,39,2,1
Nup85,Nup85,39,60,1
Nup85,Seh1,438,244,1
Nup85,Nup85,536,564,1
Nup85,Nup145c,60,43,1
Nup85,Nup85,60,2,1
Nup85,Nup85,60,39,1
Nup85,Nup145c,680,43,1
Nup85,Nup85,680,734,1
Nup85,Nup85,718,733,1
Nup85,Nup85,718,734,1
Nup85,Seh1,718,198,1
Nup85,Nup85,729,733,1
Nup85,Nup85,729,734,1
Nup85,Nup85,85,2,1
Nup85,Nup85,85,64,1
Nup85,Nup85,89,2,1
Sec13,Seh1,183,198,1
Sec13,Sec13,186,172,1
Sec13,Nup145c,2,141,1
Sec13,Nup145c,2,163,1
Sec13,Nup145c,2,168,1
Sec13,Nup145c,2,174,1
Sec13,Nup145c,2,39,1
Sec13,Nup145c,2,43,1
Sec13,Nup145c,2,59,1
Sec13,Sec13,2,31,1
Sec13,Sec13,2,34,1
Sec13,Seh1,2,198,1
Sec13,Nup145c,244,437,1
Sec13,Sec13,244,288,1
Sec13,Nup85,245,2,1
Sec13,Nup85,252,734,1
Sec13,Sec13,252,245,1
Sec13,Nup145c,277,174,1
Sec13,Sec13,277,249,1
Sec13,Nup145c,282,174,1
Sec13,Nup145c,282,437,1
Sec13,Nup145c,288,437,1
Sec13,Sec13,288,245,1
Sec13,Sec13,288,249,1
Sec13,Nup145c,31,141,1
Sec13,Nup145c,34,168,1
Sec13,Nup145c,44,168,1
Sec13,Sec13,44,2,1
Sec13,Nup145c,65,509,1
Sec13,Nup145c,83,649,1
Seh1,Nup85,1,163,1
Seh1,Nup85,1,2,1
Seh1,Nup85,1,30,1
Seh1,Nup85,1,39,1
Seh1,Nup85,1,89,1
Seh1,Seh1,1,40,1
Seh1,Nup85,100,2,1
Seh1,Seh1,108,79,1
Seh1,Seh1,182,198,1
Seh1,Nup85,2,1,1
Seh1,Nup85,207,2,1
Seh1,Seh1,207,198,1
Seh1,Nup85,212,2,1
Seh1,Nup85,236,2,1
Seh1,Nup85,236,64,1
Seh1,Seh1,236,212,1
Seh1,Seh1,248,207,1
Seh1,Nup85,34,2,1
Seh1,Nup85,40,2,1
Seh1,Nup85,40,564,1
Seh1,Seh1,40,34,1
Seh1,Seh1,82,100,1