Protein 1,Residue 1,Protein 2,Residue 2,p value,XLUniqueID
Nup159.1,1414,Nup159.1,1400,1,12
Nup159.1,1414,Nup159.2,1400,1,12
Nup159.2,1414,Nup159.1,1400,1,12
Nup159.1,1414,Nup159.2,1400,1,13
Nup159.2,1414,Nup159.1,1400,1,13
Nup159.2,1414,Nup159.2,1400,1,13
Nup116.1,856,Nup159.1,1447,1,14
Nup116.1,856,Nup159.2,1447,1,14
Nup116.2,856,Nup159.1,1447,1,14
Nup116.1,856,Nup159.2,1447,1,15
Nup116.2,856,Nup159.1,1447,1,15
Nup116.2,856,Nup159.2,1447,1,15
Nup116.1,778,Nup159.1,1447,1,16
Nup116.1,778,Nup159.2,1447,1,16
Nup116.2,778,Nup159.1,1447,1,16
Nup116.1,778,Nup159.2,1447,1,17
Nup116.2,778,Nup159.1,1447,1,17
Nup116.2,778,Nup159.2,1447,1,17
Nup159.1,1397,Nup82.1,632,1,20
Nup159.1,1397,Nup82.2,632,1,20
Nup159.2,1397,Nup82.1,632,1,20
Nup159.1,1397,Nup82.2,632,1,21
Nup159.2,1397,Nup82.1,632,1,21
Nup159.2,1397,Nup82.2,632,1,21
Nup82.1,274,Nup159.1,1343,1,22
Nup82.1,274,Nup159.2,1343,1,22
Nup82.2,274,Nup159.1,1343,1,22
Nup82.1,274,Nup159.2,1343,1,23
Nup82.2,274,Nup159.1,1343,1,23
Nup82.2,274,Nup159.2,1343,1,23
Nup159.1,1384,Nup82.1,674,1,26
Nup159.1,1384,Nup82.2,674,1,26
Nup159.2,1384,Nup82.1,674,1,26
Nup159.1,1384,Nup82.2,674,1,27
Nup159.2,1384,Nup82.1,674,1,27
Nup159.2,1384,Nup82.2,674,1,27
Nup82.1,478,Nup82.1,2,1,28
Nup82.1,478,Nup82.2,2,1,28
Nup82.2,478,Nup82.1,2,1,28
Nup82.1,478,Nup82.2,2,1,29
Nup82.2,478,Nup82.1,2,1,29
Nup82.2,478,Nup82.2,2,1,29
Nup159.1,1435,Nup159.1,1432,1,40
Nup159.1,1435,Nup159.2,1432,1,40
Nup159.2,1435,Nup159.1,1432,1,40
Nup159.1,1435,Nup159.2,1432,1,41
Nup159.2,1435,Nup159.1,1432,1,41
Nup159.2,1435,Nup159.2,1432,1,41
Nup159.1,1417,Nup159.2,1417,1,44
Nup116.1,856,Nup116.1,863,1,50
Nup116.1,856,Nup116.2,863,1,50
Nup116.2,856,Nup116.1,863,1,50
Nup116.1,856,Nup116.2,863,1,51
Nup116.2,856,Nup116.1,863,1,51
Nup116.2,856,Nup116.2,863,1,51
Nsp1.1,816,Nup159.1,1387,1,60
Nsp1.1,816,Nup159.2,1387,1,60
Nsp1.2,816,Nup159.1,1387,1,60
Nsp1.1,816,Nup159.2,1387,1,61
Nsp1.2,816,Nup159.1,1387,1,61
Nsp1.2,816,Nup159.2,1387,1,61
Nup159.1,1186,Nup159.1,1191,1,64
Nup159.1,1186,Nup159.2,1191,1,64
Nup159.2,1186,Nup159.1,1191,1,64
Nup159.1,1186,Nup159.2,1191,1,65
Nup159.2,1186,Nup159.1,1191,1,65
Nup159.2,1186,Nup159.2,1191,1,65
Nup116.1,822,Nup116.1,856,1,84
Nup116.1,822,Nup116.2,856,1,84
Nup116.2,822,Nup116.1,856,1,84
Nup116.1,822,Nup116.2,856,1,85
Nup116.2,822,Nup116.1,856,1,85
Nup116.2,822,Nup116.2,856,1,85
Nup159.1,1384,Nup82.1,632,1,86
Nup159.1,1384,Nup82.2,632,1,86
Nup159.2,1384,Nup82.1,632,1,86
Nup159.1,1384,Nup82.2,632,1,87
Nup159.2,1384,Nup82.1,632,1,87
Nup159.2,1384,Nup82.2,632,1,87
Nup116.1,798,Nup116.1,772,1,102
Nup116.1,798,Nup116.2,772,1,102
Nup116.2,798,Nup116.1,772,1,102
Nup116.1,798,Nup116.2,772,1,103
Nup116.2,798,Nup116.1,772,1,103
Nup116.2,798,Nup116.2,772,1,103
Nup159.1,1435,Nup159.1,1447,1,104
Nup159.1,1435,Nup159.2,1447,1,104
Nup159.2,1435,Nup159.1,1447,1,104
Nup159.1,1435,Nup159.2,1447,1,105
Nup159.2,1435,Nup159.1,1447,1,105
Nup159.2,1435,Nup159.2,1447,1,105
Nup82.1,675,Nup159.1,1372,1,106
Nup82.1,675,Nup159.2,1372,1,106
Nup82.2,675,Nup159.1,1372,1,106
Nup82.1,675,Nup159.2,1372,1,107
Nup82.2,675,Nup159.1,1372,1,107
Nup82.2,675,Nup159.2,1372,1,107
Nsp1.1,816,Nup82.1,659,1,108
Nsp1.1,816,Nup82.2,659,1,108
Nsp1.2,816,Nup82.1,659,1,108
Nsp1.1,816,Nup82.2,659,1,109
Nsp1.2,816,Nup82.1,659,1,109
Nsp1.2,816,Nup82.2,659,1,109
Nup82.1,533,Nsp1.1,613,1,110
Nup82.1,533,Nsp1.2,613,1,110
Nup82.2,533,Nsp1.1,613,1,110
Nup82.1,533,Nsp1.2,613,1,111
Nup82.2,533,Nsp1.1,613,1,111
Nup82.2,533,Nsp1.2,613,1,111
Nup116.1,885,Nup116.1,852,1,138
Nup116.1,885,Nup116.2,852,1,138
Nup116.2,885,Nup116.1,852,1,138
Nup116.1,885,Nup116.2,852,1,139
Nup116.2,885,Nup116.1,852,1,139
Nup116.2,885,Nup116.2,852,1,139
Nsp1.1,692,Nup82.1,455,1,148
Nsp1.1,692,Nup82.2,455,1,148
Nsp1.2,692,Nup82.1,455,1,148
Nsp1.1,692,Nup82.2,455,1,149
Nsp1.2,692,Nup82.1,455,1,149
Nsp1.2,692,Nup82.2,455,1,149
Nup159.1,1429,Nup82.1,269,1,150
Nup159.1,1429,Nup82.2,269,1,150
Nup159.2,1429,Nup82.1,269,1,150
Nup159.1,1429,Nup82.2,269,1,151
Nup159.2,1429,Nup82.1,269,1,151
Nup159.2,1429,Nup82.2,269,1,151
Nsp1.1,795,Nup82.1,269,1,158
Nsp1.1,795,Nup82.2,269,1,158
Nsp1.2,795,Nup82.1,269,1,158
Nsp1.1,795,Nup82.2,269,1,159
Nsp1.2,795,Nup82.1,269,1,159
Nsp1.2,795,Nup82.2,269,1,159
Nup82.1,455,Nsp1.1,692,1,178
Nup82.1,455,Nsp1.2,692,1,178
Nup82.2,455,Nsp1.1,692,1,178
Nup82.1,455,Nsp1.2,692,1,179
Nup82.2,455,Nsp1.1,692,1,179
Nup82.2,455,Nsp1.2,692,1,179
Nup159.1,1355,Nsp1.1,816,1,196
Nup159.1,1355,Nsp1.2,816,1,196
Nup159.2,1355,Nsp1.1,816,1,196
Nup159.1,1355,Nsp1.2,816,1,197
Nup159.2,1355,Nsp1.1,816,1,197
Nup159.2,1355,Nsp1.2,816,1,197
Nsp1.1,643,Nsp1.1,623,1,206
Nsp1.1,643,Nsp1.2,623,1,206
Nsp1.2,643,Nsp1.1,623,1,206
Nsp1.1,643,Nsp1.2,623,1,207
Nsp1.2,643,Nsp1.1,623,1,207
Nsp1.2,643,Nsp1.2,623,1,207
Nup82.1,251,Nsp1.1,822,1,214
Nup82.1,251,Nsp1.2,822,1,214
Nup82.2,251,Nsp1.1,822,1,214
Nup82.1,251,Nsp1.2,822,1,215
Nup82.2,251,Nsp1.1,822,1,215
Nup82.2,251,Nsp1.2,822,1,215
Nup159.1,1301,Nup159.1,1294,1,220
Nup159.1,1301,Nup159.2,1294,1,220
Nup159.2,1301,Nup159.1,1294,1,220
Nup159.1,1301,Nup159.2,1294,1,221
Nup159.2,1301,Nup159.1,1294,1,221
Nup159.2,1301,Nup159.2,1294,1,221
Nsp1.1,816,Nup159.1,1384,1,222
Nsp1.1,816,Nup159.2,1384,1,222
Nsp1.2,816,Nup159.1,1384,1,222
Nsp1.1,816,Nup159.2,1384,1,223
Nsp1.2,816,Nup159.1,1384,1,223
Nsp1.2,816,Nup159.2,1384,1,223
Nsp1.1,816,Nup159.1,1400,1,230
Nsp1.1,816,Nup159.2,1400,1,230
Nsp1.2,816,Nup159.1,1400,1,230
Nsp1.1,816,Nup159.2,1400,1,231
Nsp1.2,816,Nup159.1,1400,1,231
Nsp1.2,816,Nup159.2,1400,1,231
Nsp1.1,607,Nsp1.1,623,1,232
Nsp1.1,607,Nsp1.2,623,1,232
Nsp1.2,607,Nsp1.1,623,1,232
Nsp1.1,607,Nsp1.2,623,1,233
Nsp1.2,607,Nsp1.1,623,1,233
Nsp1.2,607,Nsp1.2,623,1,233
Nup82.1,533,Nup82.1,541,1,234
Nup82.1,533,Nup82.2,541,1,234
Nup82.2,533,Nup82.1,541,1,234
Nup82.1,533,Nup82.2,541,1,235
Nup82.2,533,Nup82.1,541,1,235
Nup82.2,533,Nup82.2,541,1,235
Nsp1.1,635,Nsp1.1,623,1,238
Nsp1.1,635,Nsp1.2,623,1,238
Nsp1.2,635,Nsp1.1,623,1,238
Nsp1.1,635,Nsp1.2,623,1,239
Nsp1.2,635,Nsp1.1,623,1,239
Nsp1.2,635,Nsp1.2,623,1,239
Nup82.1,469,Nsp1.1,613,1,242
Nup82.1,469,Nsp1.2,613,1,242
Nup82.2,469,Nsp1.1,613,1,242
Nup82.1,469,Nsp1.2,613,1,243
Nup82.2,469,Nsp1.1,613,1,243
Nup82.2,469,Nsp1.2,613,1,243
Nup82.1,569,Nup82.1,541,1,246
Nup82.1,569,Nup82.2,541,1,246
Nup82.2,569,Nup82.1,541,1,246
Nup82.1,569,Nup82.2,541,1,247
Nup82.2,569,Nup82.1,541,1,247
Nup82.2,569,Nup82.2,541,1,247
Nup116.1,852,Nup159.1,1447,1,254
Nup116.1,852,Nup159.2,1447,1,254
Nup116.2,852,Nup159.1,1447,1,254
Nup116.1,852,Nup159.2,1447,1,255
Nup116.2,852,Nup159.1,1447,1,255
Nup116.2,852,Nup159.2,1447,1,255
Nup82.1,251,Nup116.1,852,1,256
Nup82.1,251,Nup116.2,852,1,256
Nup82.2,251,Nup116.1,852,1,256
Nup82.1,251,Nup116.2,852,1,257
Nup82.2,251,Nup116.1,852,1,257
Nup82.2,251,Nup116.2,852,1,257
Nup82.1,674,Nup82.1,685,1,260
Nup82.1,674,Nup82.2,685,1,260
Nup82.2,674,Nup82.1,685,1,260
Nup82.1,674,Nup82.2,685,1,261
Nup82.2,674,Nup82.1,685,1,261
Nup82.2,674,Nup82.2,685,1,261
Nup159.1,1429,Nup159.1,1432,1,262
Nup159.1,1429,Nup159.2,1432,1,262
Nup159.2,1429,Nup159.1,1432,1,262
Nup159.1,1429,Nup159.2,1432,1,263
Nup159.2,1429,Nup159.1,1432,1,263
Nup159.2,1429,Nup159.2,1432,1,263
Nup116.1,852,Nup116.1,1078,1,264
Nup116.1,852,Nup116.2,1078,1,264
Nup116.2,852,Nup116.1,1078,1,264
Nup116.1,852,Nup116.2,1078,1,265
Nup116.2,852,Nup116.1,1078,1,265
Nup116.2,852,Nup116.2,1078,1,265
Nsp1.1,816,Nup82.1,274,1,268
Nsp1.1,816,Nup82.2,274,1,268
Nsp1.2,816,Nup82.1,274,1,268
Nsp1.1,816,Nup82.2,274,1,269
Nsp1.2,816,Nup82.1,274,1,269
Nsp1.2,816,Nup82.2,274,1,269
Nup116.1,796,Nup116.1,821,1,274
Nup116.1,796,Nup116.2,821,1,274
Nup116.2,796,Nup116.1,821,1,274
Nup116.1,796,Nup116.2,821,1,275
Nup116.2,796,Nup116.1,821,1,275
Nup116.2,796,Nup116.2,821,1,275
Nup82.1,675,Nup82.1,685,1,276
Nup82.1,675,Nup82.2,685,1,276
Nup82.2,675,Nup82.1,685,1,276
Nup82.1,675,Nup82.2,685,1,277
Nup82.2,675,Nup82.1,685,1,277
Nup82.2,675,Nup82.2,685,1,277
Nup82.1,269,Nup159.1,1397,1,278
Nup82.1,269,Nup159.2,1397,1,278
Nup82.2,269,Nup159.1,1397,1,278
Nup82.1,269,Nup159.2,1397,1,279
Nup82.2,269,Nup159.1,1397,1,279
Nup82.2,269,Nup159.2,1397,1,279
Nsp1.1,816,Nup159.1,1343,1,284
Nsp1.1,816,Nup159.2,1343,1,284
Nsp1.2,816,Nup159.1,1343,1,284
Nsp1.1,816,Nup159.2,1343,1,285
Nsp1.2,816,Nup159.1,1343,1,285
Nsp1.2,816,Nup159.2,1343,1,285
Nup159.1,1384,Nup82.1,269,1,290
Nup159.1,1384,Nup82.2,269,1,290
Nup159.2,1384,Nup82.1,269,1,290
Nup159.1,1384,Nup82.2,269,1,291
Nup159.2,1384,Nup82.1,269,1,291
Nup159.2,1384,Nup82.2,269,1,291
Nup116.1,798,Nup159.1,1447,1,294
Nup116.1,798,Nup159.2,1447,1,294
Nup116.2,798,Nup159.1,1447,1,294
Nup116.1,798,Nup159.2,1447,1,295
Nup116.2,798,Nup159.1,1447,1,295
Nup116.2,798,Nup159.2,1447,1,295
Nup82.1,269,Nup159.1,1387,1,296
Nup82.1,269,Nup159.2,1387,1,296
Nup82.2,269,Nup159.1,1387,1,296
Nup82.1,269,Nup159.2,1387,1,297
Nup82.2,269,Nup159.1,1387,1,297
Nup82.2,269,Nup159.2,1387,1,297
Nup82.1,685,Nup159.1,1372,1,298
Nup82.1,685,Nup159.2,1372,1,298
Nup82.2,685,Nup159.1,1372,1,298
Nup82.1,685,Nup159.2,1372,1,299
Nup82.2,685,Nup159.1,1372,1,299
Nup82.2,685,Nup159.2,1372,1,299
Nup116.1,885,Nup116.1,856,1,304
Nup116.1,885,Nup116.2,856,1,304
Nup116.2,885,Nup116.1,856,1,304
Nup116.1,885,Nup116.2,856,1,305
Nup116.2,885,Nup116.1,856,1,305
Nup116.2,885,Nup116.2,856,1,305
Nup159.1,1432,Nup159.2,1432,1,306
Nup116.1,796,Nup116.1,810,1,310
Nup116.1,796,Nup116.2,810,1,310
Nup116.2,796,Nup116.1,810,1,310
Nup116.1,796,Nup116.2,810,1,311
Nup116.2,796,Nup116.1,810,1,311
Nup116.2,796,Nup116.2,810,1,311
Nup116.1,852,Nup116.1,863,1,312
Nup116.1,852,Nup116.2,863,1,312
Nup116.2,852,Nup116.1,863,1,312
Nup116.1,852,Nup116.2,863,1,313
Nup116.2,852,Nup116.1,863,1,313
Nup116.2,852,Nup116.2,863,1,313
Nup159.1,1397,Nup159.1,1343,1,322
Nup159.1,1397,Nup159.2,1343,1,322
Nup159.2,1397,Nup159.1,1343,1,322
Nup159.1,1397,Nup159.2,1343,1,323
Nup159.2,1397,Nup159.1,1343,1,323
Nup159.2,1397,Nup159.2,1343,1,323
Nup159.1,1384,Nup82.1,692,1,324
Nup159.1,1384,Nup82.2,692,1,324
Nup159.2,1384,Nup82.1,692,1,324
Nup159.1,1384,Nup82.2,692,1,325
Nup159.2,1384,Nup82.1,692,1,325
Nup159.2,1384,Nup82.2,692,1,325
Nup82.1,269,Nup159.1,1400,1,326
Nup82.1,269,Nup159.2,1400,1,326
Nup82.2,269,Nup159.1,1400,1,326
Nup82.1,269,Nup159.2,1400,1,327
Nup82.2,269,Nup159.1,1400,1,327
Nup82.2,269,Nup159.2,1400,1,327
Nup82.1,692,Nup159.1,1387,1,332
Nup82.1,692,Nup159.2,1387,1,332
Nup82.2,692,Nup159.1,1387,1,332
Nup82.1,692,Nup159.2,1387,1,333
Nup82.2,692,Nup159.1,1387,1,333
Nup82.2,692,Nup159.2,1387,1,333
Nup82.1,269,Nup159.1,1372,1,334
Nup82.1,269,Nup159.2,1372,1,334
Nup82.2,269,Nup159.1,1372,1,334
Nup82.1,269,Nup159.2,1372,1,335
Nup82.2,269,Nup159.1,1372,1,335
Nup82.2,269,Nup159.2,1372,1,335
Nup82.1,251,Nup159.1,1416,1,336
Nup82.1,251,Nup159.2,1416,1,336
Nup82.2,251,Nup159.1,1416,1,336
Nup82.1,251,Nup159.2,1416,1,337
Nup82.2,251,Nup159.1,1416,1,337
Nup82.2,251,Nup159.2,1416,1,337
Nup159.1,1343,Nup159.1,1400,1,340
Nup159.1,1343,Nup159.2,1400,1,340
Nup159.2,1343,Nup159.1,1400,1,340
Nup159.1,1343,Nup159.2,1400,1,341
Nup159.2,1343,Nup159.1,1400,1,341
Nup159.2,1343,Nup159.2,1400,1,341
Nup159.1,1384,Nup159.2,1384,1,342
Nup159.1,1414,Nup159.1,1397,1,344
Nup159.1,1414,Nup159.2,1397,1,344
Nup159.2,1414,Nup159.1,1397,1,344
Nup159.1,1414,Nup159.2,1397,1,345
Nup159.2,1414,Nup159.1,1397,1,345
Nup159.2,1414,Nup159.2,1397,1,345
Nup159.1,1384,Nup159.1,1343,1,346
Nup159.1,1384,Nup159.2,1343,1,346
Nup159.2,1384,Nup159.1,1343,1,346
Nup159.1,1384,Nup159.2,1343,1,347
Nup159.2,1384,Nup159.1,1343,1,347
Nup159.2,1384,Nup159.2,1343,1,347
Dyn2.1,12,Nup159.1,1151,1,350
Dyn2.1,12,Nup159.2,1151,1,350
Dyn2.2,12,Nup159.1,1151,1,350
Dyn2.1,12,Nup159.2,1151,1,351
Dyn2.2,12,Nup159.1,1151,1,351
Dyn2.2,12,Nup159.2,1151,1,351
Nup116.1,778,Nup116.1,772,1,352
Nup116.1,778,Nup116.2,772,1,352
Nup116.2,778,Nup116.1,772,1,352
Nup116.1,778,Nup116.2,772,1,353
Nup116.2,778,Nup116.1,772,1,353
Nup116.2,778,Nup116.2,772,1,353
Nsp1.1,661,Nup159.1,1151,1,354
Nsp1.1,661,Nup159.2,1151,1,354
Nsp1.2,661,Nup159.1,1151,1,354
Nsp1.1,661,Nup159.2,1151,1,355
Nsp1.2,661,Nup159.1,1151,1,355
Nsp1.2,661,Nup159.2,1151,1,355
Nup82.1,675,Nup159.1,1387,1,362
Nup82.1,675,Nup159.2,1387,1,362
Nup82.2,675,Nup159.1,1387,1,362
Nup82.1,675,Nup159.2,1387,1,363
Nup82.2,675,Nup159.1,1387,1,363
Nup82.2,675,Nup159.2,1387,1,363
Nup159.1,1429,Nup159.1,1447,1,368
Nup159.1,1429,Nup159.2,1447,1,368
Nup159.2,1429,Nup159.1,1447,1,368
Nup159.1,1429,Nup159.2,1447,1,369
Nup159.2,1429,Nup159.1,1447,1,369
Nup159.2,1429,Nup159.2,1447,1,369
Nup82.1,692,Nup159.1,1397,1,370
Nup82.1,692,Nup159.2,1397,1,370
Nup82.2,692,Nup159.1,1397,1,370
Nup82.1,692,Nup159.2,1397,1,371
Nup82.2,692,Nup159.1,1397,1,371
Nup82.2,692,Nup159.2,1397,1,371
Nup82.1,671,Nup159.1,1387,1,372
Nup82.1,671,Nup159.2,1387,1,372
Nup82.2,671,Nup159.1,1387,1,372
Nup82.1,671,Nup159.2,1387,1,373
Nup82.2,671,Nup159.1,1387,1,373
Nup82.2,671,Nup159.2,1387,1,373
Nup116.1,770,Nup116.1,778,1,380
Nup116.1,770,Nup116.2,778,1,380
Nup116.2,770,Nup116.1,778,1,380
Nup116.1,770,Nup116.2,778,1,381
Nup116.2,770,Nup116.1,778,1,381
Nup116.2,770,Nup116.2,778,1,381
Nup116.1,852,Nup116.1,810,1,384
Nup116.1,852,Nup116.2,810,1,384
Nup116.2,852,Nup116.1,810,1,384
Nup116.1,852,Nup116.2,810,1,385
Nup116.2,852,Nup116.1,810,1,385
Nup116.2,852,Nup116.2,810,1,385
Nup159.1,1417,Nup82.1,629,1,388
Nup159.1,1417,Nup82.2,629,1,388
Nup159.2,1417,Nup82.1,629,1,388
Nup159.1,1417,Nup82.2,629,1,389
Nup159.2,1417,Nup82.1,629,1,389
Nup159.2,1417,Nup82.2,629,1,389
Nup82.1,455,Nup159.1,1292,1,394
Nup82.1,455,Nup159.2,1292,1,394
Nup82.2,455,Nup159.1,1292,1,394
Nup82.1,455,Nup159.2,1292,1,395
Nup82.2,455,Nup159.1,1292,1,395
Nup82.2,455,Nup159.2,1292,1,395
Nup159.1,1143,Nsp1.1,661,1,398
Nup159.1,1143,Nsp1.2,661,1,398
Nup159.2,1143,Nsp1.1,661,1,398
Nup159.1,1143,Nsp1.2,661,1,399
Nup159.2,1143,Nsp1.1,661,1,399
Nup159.2,1143,Nsp1.2,661,1,399
Nup116.1,915,Nup116.1,885,1,416
Nup116.1,915,Nup116.2,885,1,416
Nup116.2,915,Nup116.1,885,1,416
Nup116.1,915,Nup116.2,885,1,417
Nup116.2,915,Nup116.1,885,1,417
Nup116.2,915,Nup116.2,885,1,417
Nsp1.1,607,Nup159.1,1191,1,420
Nsp1.1,607,Nup159.2,1191,1,420
Nsp1.2,607,Nup159.1,1191,1,420
Nsp1.1,607,Nup159.2,1191,1,421
Nsp1.2,607,Nup159.1,1191,1,421
Nsp1.2,607,Nup159.2,1191,1,421
Nup82.1,659,Nup82.1,674,1,422
Nup82.1,659,Nup82.2,674,1,422
Nup82.2,659,Nup82.1,674,1,422
Nup82.1,659,Nup82.2,674,1,423
Nup82.2,659,Nup82.1,674,1,423
Nup82.2,659,Nup82.2,674,1,423
Nup159.1,1143,Dyn2.1,21,1,424
Nup159.1,1143,Dyn2.2,21,1,424
Nup159.2,1143,Dyn2.1,21,1,424
Nup159.1,1143,Dyn2.2,21,1,425
Nup159.2,1143,Dyn2.1,21,1,425
Nup159.2,1143,Dyn2.2,21,1,425
Nsp1.1,816,Nup82.1,269,1,426
Nsp1.1,816,Nup82.2,269,1,426
Nsp1.2,816,Nup82.1,269,1,426
Nsp1.1,816,Nup82.2,269,1,427
Nsp1.2,816,Nup82.1,269,1,427
Nsp1.2,816,Nup82.2,269,1,427
Nsp1.1,816,Nup82.1,251,1,440
Nsp1.1,816,Nup82.2,251,1,440
Nsp1.2,816,Nup82.1,251,1,440
Nsp1.1,816,Nup82.2,251,1,441
Nsp1.2,816,Nup82.1,251,1,441
Nsp1.2,816,Nup82.2,251,1,441
Nsp1.1,607,Nsp1.1,661,1,442
Nsp1.1,607,Nsp1.2,661,1,442
Nsp1.2,607,Nsp1.1,661,1,442
Nsp1.1,607,Nsp1.2,661,1,443
Nsp1.2,607,Nsp1.1,661,1,443
Nsp1.2,607,Nsp1.2,661,1,443
Nup82.1,685,Nup159.1,1387,1,458
Nup82.1,685,Nup159.2,1387,1,458
Nup82.2,685,Nup159.1,1387,1,458
Nup82.1,685,Nup159.2,1387,1,459
Nup82.2,685,Nup159.1,1387,1,459
Nup82.2,685,Nup159.2,1387,1,459
Nup82.1,478,Nup82.1,455,1,460
Nup82.1,478,Nup82.2,455,1,460
Nup82.2,478,Nup82.1,455,1,460
Nup82.1,478,Nup82.2,455,1,461
Nup82.2,478,Nup82.1,455,1,461
Nup82.2,478,Nup82.2,455,1,461
Nup82.1,675,Nup159.1,1384,1,466
Nup82.1,675,Nup159.2,1384,1,466
Nup82.2,675,Nup159.1,1384,1,466
Nup82.1,675,Nup159.2,1384,1,467
Nup82.2,675,Nup159.1,1384,1,467
Nup82.2,675,Nup159.2,1384,1,467
Nup116.1,822,Nup116.1,810,1,468
Nup116.1,822,Nup116.2,810,1,468
Nup116.2,822,Nup116.1,810,1,468
Nup116.1,822,Nup116.2,810,1,469
Nup116.2,822,Nup116.1,810,1,469
Nup116.2,822,Nup116.2,810,1,469
Nsp1.1,623,Nsp1.1,661,1,472
Nsp1.1,623,Nsp1.2,661,1,472
Nsp1.2,623,Nsp1.1,661,1,472
Nsp1.1,623,Nsp1.2,661,1,473
Nsp1.2,623,Nsp1.1,661,1,473
Nsp1.2,623,Nsp1.2,661,1,473
Nup82.1,361,Nup82.1,129,1,480
Nup82.1,361,Nup82.2,129,1,480
Nup82.2,361,Nup82.1,129,1,480
Nup82.1,361,Nup82.2,129,1,481
Nup82.2,361,Nup82.1,129,1,481
Nup82.2,361,Nup82.2,129,1,481
Nup116.1,856,Nup116.1,821,1,482
Nup116.1,856,Nup116.2,821,1,482
Nup116.2,856,Nup116.1,821,1,482
Nup116.1,856,Nup116.2,821,1,483
Nup116.2,856,Nup116.1,821,1,483
Nup116.2,856,Nup116.2,821,1,483
Nup82.1,649,Nup159.1,1384,1,486
Nup82.1,649,Nup159.2,1384,1,486
Nup82.2,649,Nup159.1,1384,1,486
Nup82.1,649,Nup159.2,1384,1,487
Nup82.2,649,Nup159.1,1384,1,487
Nup82.2,649,Nup159.2,1384,1,487
Nup82.1,409,Nup82.1,355,1,488
Nup82.1,409,Nup82.2,355,1,488
Nup82.2,409,Nup82.1,355,1,488
Nup82.1,409,Nup82.2,355,1,489
Nup82.2,409,Nup82.1,355,1,489
Nup82.2,409,Nup82.2,355,1,489
Nup82.1,258,Nup159.1,1417,1,502
Nup82.1,258,Nup159.2,1417,1,502
Nup82.2,258,Nup159.1,1417,1,502
Nup82.1,258,Nup159.2,1417,1,503
Nup82.2,258,Nup159.1,1417,1,503
Nup82.2,258,Nup159.2,1417,1,503
Nsp1.1,740,Nup159.1,1372,1,506
Nsp1.1,740,Nup159.2,1372,1,506
Nsp1.2,740,Nup159.1,1372,1,506
Nsp1.1,740,Nup159.2,1372,1,507
Nsp1.2,740,Nup159.1,1372,1,507
Nsp1.2,740,Nup159.2,1372,1,507
Nup82.1,692,Nup159.1,1400,1,508
Nup82.1,692,Nup159.2,1400,1,508
Nup82.2,692,Nup159.1,1400,1,508
Nup82.1,692,Nup159.2,1400,1,509
Nup82.2,692,Nup159.1,1400,1,509
Nup82.2,692,Nup159.2,1400,1,509
Nup159.1,1417,Nup159.1,1432,1,512
Nup159.1,1417,Nup159.2,1432,1,512
Nup159.2,1417,Nup159.1,1432,1,512
Nup159.1,1417,Nup159.2,1432,1,513
Nup159.2,1417,Nup159.1,1432,1,513
Nup159.2,1417,Nup159.2,1432,1,513
Nup159.1,1429,Nup159.1,1414,1,516
Nup159.1,1429,Nup159.2,1414,1,516
Nup159.2,1429,Nup159.1,1414,1,516
Nup159.1,1429,Nup159.2,1414,1,517
Nup159.2,1429,Nup159.1,1414,1,517
Nup159.2,1429,Nup159.2,1414,1,517
Nup159.1,1447,Nup116.1,796,1,520
Nup159.1,1447,Nup116.2,796,1,520
Nup159.2,1447,Nup116.1,796,1,520
Nup159.1,1447,Nup116.2,796,1,521
Nup159.2,1447,Nup116.1,796,1,521
Nup159.2,1447,Nup116.2,796,1,521
Nup116.1,915,Nup116.1,901,1,522
Nup116.1,915,Nup116.2,901,1,522
Nup116.2,915,Nup116.1,901,1,522
Nup116.1,915,Nup116.2,901,1,523
Nup116.2,915,Nup116.1,901,1,523
Nup116.2,915,Nup116.2,901,1,523
Nsp1.1,816,Nup159.1,1397,1,526
Nsp1.1,816,Nup159.2,1397,1,526
Nsp1.2,816,Nup159.1,1397,1,526
Nsp1.1,816,Nup159.2,1397,1,527
Nsp1.2,816,Nup159.1,1397,1,527
Nsp1.2,816,Nup159.2,1397,1,527
Nup159.1,1355,Nup159.1,1387,1,530
Nup159.1,1355,Nup159.2,1387,1,530
Nup159.2,1355,Nup159.1,1387,1,530
Nup159.1,1355,Nup159.2,1387,1,531
Nup159.2,1355,Nup159.1,1387,1,531
Nup159.2,1355,Nup159.2,1387,1,531
Nup159.1,1372,Nup159.1,1400,1,538
Nup159.1,1372,Nup159.2,1400,1,538
Nup159.2,1372,Nup159.1,1400,1,538
Nup159.1,1372,Nup159.2,1400,1,539
Nup159.2,1372,Nup159.1,1400,1,539
Nup159.2,1372,Nup159.2,1400,1,539
Nup159.1,1414,Nup159.1,1432,1,546
Nup159.1,1414,Nup159.2,1432,1,546
Nup159.2,1414,Nup159.1,1432,1,546
Nup159.1,1414,Nup159.2,1432,1,547
Nup159.2,1414,Nup159.1,1432,1,547
Nup159.2,1414,Nup159.2,1432,1,547
Nup82.1,478,Nsp1.1,607,1,550
Nup82.1,478,Nsp1.2,607,1,550
Nup82.2,478,Nsp1.1,607,1,550
Nup82.1,478,Nsp1.2,607,1,551
Nup82.2,478,Nsp1.1,607,1,551
Nup82.2,478,Nsp1.2,607,1,551
Nup159.1,1348,Nup159.1,1343,1,552
Nup159.1,1348,Nup159.2,1343,1,552
Nup159.2,1348,Nup159.1,1343,1,552
Nup159.1,1348,Nup159.2,1343,1,553
Nup159.2,1348,Nup159.1,1343,1,553
Nup159.2,1348,Nup159.2,1343,1,553
Nup159.1,1447,Nup159.1,1432,1,558
Nup159.1,1447,Nup159.2,1432,1,558
Nup159.2,1447,Nup159.1,1432,1,558
Nup159.1,1447,Nup159.2,1432,1,559
Nup159.2,1447,Nup159.1,1432,1,559
Nup159.2,1447,Nup159.2,1432,1,559
Nup116.1,935,Nup116.1,924,1,560
Nup116.1,935,Nup116.2,924,1,560
Nup116.2,935,Nup116.1,924,1,560
Nup116.1,935,Nup116.2,924,1,561
Nup116.2,935,Nup116.1,924,1,561
Nup116.2,935,Nup116.2,924,1,561
Nup159.1,1384,Nup82.1,629,1,568
Nup159.1,1384,Nup82.2,629,1,568
Nup159.2,1384,Nup82.1,629,1,568
Nup159.1,1384,Nup82.2,629,1,569
Nup159.2,1384,Nup82.1,629,1,569
Nup159.2,1384,Nup82.2,629,1,569
Nup82.1,671,Nup82.1,685,1,576
Nup82.1,671,Nup82.2,685,1,576
Nup82.2,671,Nup82.1,685,1,576
Nup82.1,671,Nup82.2,685,1,577
Nup82.2,671,Nup82.1,685,1,577
Nup82.2,671,Nup82.2,685,1,577
Nup116.1,822,Nup116.1,814,1,600
Nup116.1,822,Nup116.2,814,1,600
Nup116.2,822,Nup116.1,814,1,600
Nup116.1,822,Nup116.2,814,1,601
Nup116.2,822,Nup116.1,814,1,601
Nup116.2,822,Nup116.2,814,1,601
Nup82.1,649,Nup82.1,692,1,602
Nup82.1,649,Nup82.2,692,1,602
Nup82.2,649,Nup82.1,692,1,602
Nup82.1,649,Nup82.2,692,1,603
Nup82.2,649,Nup82.1,692,1,603
Nup82.2,649,Nup82.2,692,1,603
Nup116.1,885,Nup116.1,901,1,604
Nup116.1,885,Nup116.2,901,1,604
Nup116.2,885,Nup116.1,901,1,604
Nup116.1,885,Nup116.2,901,1,605
Nup116.2,885,Nup116.1,901,1,605
Nup116.2,885,Nup116.2,901,1,605
Nsp1.1,740,Nup82.1,617,1,614
Nsp1.1,740,Nup82.2,617,1,614
Nsp1.2,740,Nup82.1,617,1,614
Nsp1.1,740,Nup82.2,617,1,615
Nsp1.2,740,Nup82.1,617,1,615
Nsp1.2,740,Nup82.2,617,1,615
Nup116.1,895,Nup116.1,901,1,616
Nup116.1,895,Nup116.2,901,1,616
Nup116.2,895,Nup116.1,901,1,616
Nup116.1,895,Nup116.2,901,1,617
Nup116.2,895,Nup116.1,901,1,617
Nup116.2,895,Nup116.2,901,1,617
Nup159.1,1417,Nup82.1,269,1,618
Nup159.1,1417,Nup82.2,269,1,618
Nup159.2,1417,Nup82.1,269,1,618
Nup159.1,1417,Nup82.2,269,1,619
Nup159.2,1417,Nup82.1,269,1,619
Nup159.2,1417,Nup82.2,269,1,619
Nsp1.1,628,Nsp1.1,613,1,628
Nsp1.1,628,Nsp1.2,613,1,628
Nsp1.2,628,Nsp1.1,613,1,628
Nsp1.1,628,Nsp1.2,613,1,629
Nsp1.2,628,Nsp1.1,613,1,629
Nsp1.2,628,Nsp1.2,613,1,629
Nup82.1,168,Nup82.1,274,1,634
Nup82.1,168,Nup82.2,274,1,634
Nup82.2,168,Nup82.1,274,1,634
Nup82.1,168,Nup82.2,274,1,635
Nup82.2,168,Nup82.1,274,1,635
Nup82.2,168,Nup82.2,274,1,635
Nup159.1,1429,Nup159.1,1417,1,636
Nup159.1,1429,Nup159.2,1417,1,636
Nup159.2,1429,Nup159.1,1417,1,636
Nup159.1,1429,Nup159.2,1417,1,637
Nup159.2,1429,Nup159.1,1417,1,637
Nup159.2,1429,Nup159.2,1417,1,637
Nup116.1,790,Nup159.1,1447,1,638
Nup116.1,790,Nup159.2,1447,1,638
Nup116.2,790,Nup159.1,1447,1,638
Nup116.1,790,Nup159.2,1447,1,639
Nup116.2,790,Nup159.1,1447,1,639
Nup116.2,790,Nup159.2,1447,1,639
Nsp1.1,613,Nsp1.1,623,1,680
Nsp1.1,613,Nsp1.2,623,1,680
Nsp1.2,613,Nsp1.1,623,1,680
Nsp1.1,613,Nsp1.2,623,1,681
Nsp1.2,613,Nsp1.1,623,1,681
Nsp1.2,613,Nsp1.2,623,1,681
Nsp1.1,816,Nup159.1,1417,1,686
Nsp1.1,816,Nup159.2,1417,1,686
Nsp1.2,816,Nup159.1,1417,1,686
Nsp1.1,816,Nup159.2,1417,1,687
Nsp1.2,816,Nup159.1,1417,1,687
Nsp1.2,816,Nup159.2,1417,1,687
Nup82.1,711,Nup82.1,671,1,688
Nup82.1,711,Nup82.2,671,1,688
Nup82.2,711,Nup82.1,671,1,688
Nup82.1,711,Nup82.2,671,1,689
Nup82.2,711,Nup82.1,671,1,689
Nup82.2,711,Nup82.2,671,1,689
Nup82.1,478,Nsp1.1,613,1,690
Nup82.1,478,Nsp1.2,613,1,690
Nup82.2,478,Nsp1.1,613,1,690
Nup82.1,478,Nsp1.2,613,1,691
Nup82.2,478,Nsp1.1,613,1,691
Nup82.2,478,Nsp1.2,613,1,691
Nup159.1,1429,Nup159.1,1435,1,704
Nup159.1,1429,Nup159.2,1435,1,704
Nup159.2,1429,Nup159.1,1435,1,704
Nup159.1,1429,Nup159.2,1435,1,705
Nup159.2,1429,Nup159.1,1435,1,705
Nup159.2,1429,Nup159.2,1435,1,705
Nup116.1,753,Nup116.1,772,1,714
Nup116.1,753,Nup116.2,772,1,714
Nup116.2,753,Nup116.1,772,1,714
Nup116.1,753,Nup116.2,772,1,715
Nup116.2,753,Nup116.1,772,1,715
Nup116.2,753,Nup116.2,772,1,715
Nup159.1,1143,Dyn2.1,47,1,716
Nup159.1,1143,Dyn2.2,47,1,716
Nup159.2,1143,Dyn2.1,47,1,716
Nup159.1,1143,Dyn2.2,47,1,717
Nup159.2,1143,Dyn2.1,47,1,717
Nup159.2,1143,Dyn2.2,47,1,717
Nsp1.1,661,Nsp1.1,613,1,720
Nsp1.1,661,Nsp1.2,613,1,720
Nsp1.2,661,Nsp1.1,613,1,720
Nsp1.1,661,Nsp1.2,613,1,721
Nsp1.2,661,Nsp1.1,613,1,721
Nsp1.2,661,Nsp1.2,613,1,721
Nup82.1,246,Nup159.1,1432,1,724
Nup82.1,246,Nup159.2,1432,1,724
Nup82.2,246,Nup159.1,1432,1,724
Nup82.1,246,Nup159.2,1432,1,725
Nup82.2,246,Nup159.1,1432,1,725
Nup82.2,246,Nup159.2,1432,1,725
Nup159.1,1186,Nsp1.1,607,1,730
Nup159.1,1186,Nsp1.2,607,1,730
Nup159.2,1186,Nsp1.1,607,1,730
Nup159.1,1186,Nsp1.2,607,1,731
Nup159.2,1186,Nsp1.1,607,1,731
Nup159.2,1186,Nsp1.2,607,1,731
Nup82.1,533,Nup159.1,1198,1,736
Nup82.1,533,Nup159.2,1198,1,736
Nup82.2,533,Nup159.1,1198,1,736
Nup82.1,533,Nup159.2,1198,1,737
Nup82.2,533,Nup159.1,1198,1,737
Nup82.2,533,Nup159.2,1198,1,737
Nup82.1,478,Nup82.1,675,1,742
Nup82.1,478,Nup82.2,675,1,742
Nup82.2,478,Nup82.1,675,1,742
Nup82.1,478,Nup82.2,675,1,743
Nup82.2,478,Nup82.1,675,1,743
Nup82.2,478,Nup82.2,675,1,743
Nup159.1,1152,Dyn2.1,12,1,750
Nup159.1,1152,Dyn2.2,12,1,750
Nup159.2,1152,Dyn2.1,12,1,750
Nup159.1,1152,Dyn2.2,12,1,751
Nup159.2,1152,Dyn2.1,12,1,751
Nup159.2,1152,Dyn2.2,12,1,751
Nup159.1,1143,Nup159.1,1249,1,756
Nup159.1,1143,Nup159.2,1249,1,756
Nup159.2,1143,Nup159.1,1249,1,756
Nup159.1,1143,Nup159.2,1249,1,757
Nup159.2,1143,Nup159.1,1249,1,757
Nup159.2,1143,Nup159.2,1249,1,757
Nup82.1,469,Nsp1.1,607,1,770
Nup82.1,469,Nsp1.2,607,1,770
Nup82.2,469,Nsp1.1,607,1,770
Nup82.1,469,Nsp1.2,607,1,771
Nup82.2,469,Nsp1.1,607,1,771
Nup82.2,469,Nsp1.2,607,1,771
Nup82.1,517,Nsp1.1,613,1,774
Nup82.1,517,Nsp1.2,613,1,774
Nup82.2,517,Nsp1.1,613,1,774
Nup82.1,517,Nsp1.2,613,1,775
Nup82.2,517,Nsp1.1,613,1,775
Nup82.2,517,Nsp1.2,613,1,775
Nup159.1,1143,Dyn2.1,19,1,776
Nup159.1,1143,Dyn2.2,19,1,776
Nup159.2,1143,Dyn2.1,19,1,776
Nup159.1,1143,Dyn2.2,19,1,777
Nup159.2,1143,Dyn2.1,19,1,777
Nup159.2,1143,Dyn2.2,19,1,777
Nup82.1,469,Nup159.1,1292,1,778
Nup82.1,469,Nup159.2,1292,1,778
Nup82.2,469,Nup159.1,1292,1,778
Nup82.1,469,Nup159.2,1292,1,779
Nup82.2,469,Nup159.1,1292,1,779
Nup82.2,469,Nup159.2,1292,1,779
Nup116.1,885,Nup116.1,863,1,782
Nup116.1,885,Nup116.2,863,1,782
Nup116.2,885,Nup116.1,863,1,782
Nup116.1,885,Nup116.2,863,1,783
Nup116.2,885,Nup116.1,863,1,783
Nup116.2,885,Nup116.2,863,1,783
Nup82.1,162,Nup82.1,274,1,784
Nup82.1,162,Nup82.2,274,1,784
Nup82.2,162,Nup82.1,274,1,784
Nup82.1,162,Nup82.2,274,1,785
Nup82.2,162,Nup82.1,274,1,785
Nup82.2,162,Nup82.2,274,1,785
Nup116.1,770,Nup116.1,777,1,790
Nup116.1,770,Nup116.2,777,1,790
Nup116.2,770,Nup116.1,777,1,790
Nup116.1,770,Nup116.2,777,1,791
Nup116.2,770,Nup116.1,777,1,791
Nup116.2,770,Nup116.2,777,1,791
Nup82.1,517,Nup82.2,517,1,798
Nup82.1,517,Nup159.1,1198,1,800
Nup82.1,517,Nup159.2,1198,1,800
Nup82.2,517,Nup159.1,1198,1,800
Nup82.1,517,Nup159.2,1198,1,801
Nup82.2,517,Nup159.1,1198,1,801
Nup82.2,517,Nup159.2,1198,1,801
Nsp1.1,692,Nsp1.1,816,1,804
Nsp1.1,692,Nsp1.2,816,1,804
Nsp1.2,692,Nsp1.1,816,1,804
Nsp1.1,692,Nsp1.2,816,1,805
Nsp1.2,692,Nsp1.1,816,1,805
Nsp1.2,692,Nsp1.2,816,1,805
Nup159.1,1152,Dyn2.1,47,1,822
Nup159.1,1152,Dyn2.2,47,1,822
Nup159.2,1152,Dyn2.1,47,1,822
Nup159.1,1152,Dyn2.2,47,1,823
Nup159.2,1152,Dyn2.1,47,1,823
Nup159.2,1152,Dyn2.2,47,1,823
Nsp1.1,816,Nup159.1,1414,1,824
Nsp1.1,816,Nup159.2,1414,1,824
Nsp1.2,816,Nup159.1,1414,1,824
Nsp1.1,816,Nup159.2,1414,1,825
Nsp1.2,816,Nup159.1,1414,1,825
Nsp1.2,816,Nup159.2,1414,1,825
Nup116.1,935,Nup116.1,915,1,828
Nup116.1,935,Nup116.2,915,1,828
Nup116.2,935,Nup116.1,915,1,828
Nup116.1,935,Nup116.2,915,1,829
Nup116.2,935,Nup116.1,915,1,829
Nup116.2,935,Nup116.2,915,1,829
Nup159.1,1152,Nup159.1,1143,1,856
Nup159.1,1152,Nup159.2,1143,1,856
Nup159.2,1152,Nup159.1,1143,1,856
Nup159.1,1152,Nup159.2,1143,1,857
Nup159.2,1152,Nup159.1,1143,1,857
Nup159.2,1152,Nup159.2,1143,1,857
Nup82.1,649,Nsp1.1,816,1,870
Nup82.1,649,Nsp1.2,816,1,870
Nup82.2,649,Nsp1.1,816,1,870
Nup82.1,649,Nsp1.2,816,1,871
Nup82.2,649,Nsp1.1,816,1,871
Nup82.2,649,Nsp1.2,816,1,871
Nup82.1,533,Nsp1.1,607,1,878
Nup82.1,533,Nsp1.2,607,1,878
Nup82.2,533,Nsp1.1,607,1,878
Nup82.1,533,Nsp1.2,607,1,879
Nup82.2,533,Nsp1.1,607,1,879
Nup82.2,533,Nsp1.2,607,1,879
Nsp1.1,795,Nup159.1,1387,1,888
Nsp1.1,795,Nup159.2,1387,1,888
Nsp1.2,795,Nup159.1,1387,1,888
Nsp1.1,795,Nup159.2,1387,1,889
Nsp1.2,795,Nup159.1,1387,1,889
Nsp1.2,795,Nup159.2,1387,1,889
Nup159.1,1198,Nsp1.1,607,1,890
Nup159.1,1198,Nsp1.2,607,1,890
Nup159.2,1198,Nsp1.1,607,1,890
Nup159.1,1198,Nsp1.2,607,1,891
Nup159.2,1198,Nsp1.1,607,1,891
Nup159.2,1198,Nsp1.2,607,1,891
Nup159.1,1355,Nup159.1,1384,1,892
Nup159.1,1355,Nup159.2,1384,1,892
Nup159.2,1355,Nup159.1,1384,1,892
Nup159.1,1355,Nup159.2,1384,1,893
Nup159.2,1355,Nup159.1,1384,1,893
Nup159.2,1355,Nup159.2,1384,1,893
Nsp1.1,607,Nup82.1,541,1,894
Nsp1.1,607,Nup82.2,541,1,894
Nsp1.2,607,Nup82.1,541,1,894
Nsp1.1,607,Nup82.2,541,1,895
Nsp1.2,607,Nup82.1,541,1,895
Nsp1.2,607,Nup82.2,541,1,895
Nsp1.1,795,Nup159.1,1397,1,896
Nsp1.1,795,Nup159.2,1397,1,896
Nsp1.2,795,Nup159.1,1397,1,896
Nsp1.1,795,Nup159.2,1397,1,897
Nsp1.2,795,Nup159.1,1397,1,897
Nsp1.2,795,Nup159.2,1397,1,897
Nup82.1,649,Nup159.1,1387,1,906
Nup82.1,649,Nup159.2,1387,1,906
Nup82.2,649,Nup159.1,1387,1,906
Nup82.1,649,Nup159.2,1387,1,907
Nup82.2,649,Nup159.1,1387,1,907
Nup82.2,649,Nup159.2,1387,1,907
Nsp1.1,740,Nup82.1,622,1,910
Nsp1.1,740,Nup82.2,622,1,910
Nsp1.2,740,Nup82.1,622,1,910
Nsp1.1,740,Nup82.2,622,1,911
Nsp1.2,740,Nup82.1,622,1,911
Nsp1.2,740,Nup82.2,622,1,911
Nup159.1,1367,Nup159.1,1387,1,916
Nup159.1,1367,Nup159.2,1387,1,916
Nup159.2,1367,Nup159.1,1387,1,916
Nup159.1,1367,Nup159.2,1387,1,917
Nup159.2,1367,Nup159.1,1387,1,917
Nup159.2,1367,Nup159.2,1387,1,917
Nup159.1,1198,Nsp1.1,623,1,922
Nup159.1,1198,Nsp1.2,623,1,922
Nup159.2,1198,Nsp1.1,623,1,922
Nup159.1,1198,Nsp1.2,623,1,923
Nup159.2,1198,Nsp1.1,623,1,923
Nup159.2,1198,Nsp1.2,623,1,923
Nup159.1,1198,Nsp1.1,613,1,924
Nup159.1,1198,Nsp1.2,613,1,924
Nup159.2,1198,Nsp1.1,613,1,924
Nup159.1,1198,Nsp1.2,613,1,925
Nup159.2,1198,Nsp1.1,613,1,925
Nup159.2,1198,Nsp1.2,613,1,925
Nup159.1,1367,Nup159.1,1384,1,928
Nup159.1,1367,Nup159.2,1384,1,928
Nup159.2,1367,Nup159.1,1384,1,928
Nup159.1,1367,Nup159.2,1384,1,929
Nup159.2,1367,Nup159.1,1384,1,929
Nup159.2,1367,Nup159.2,1384,1,929
Nup116.1,1042,Nup116.1,989,1,938
Nup116.1,1042,Nup116.2,989,1,938
Nup116.2,1042,Nup116.1,989,1,938
Nup116.1,1042,Nup116.2,989,1,939
Nup116.2,1042,Nup116.1,989,1,939
Nup116.2,1042,Nup116.2,989,1,939
Nup82.1,541,Nsp1.1,613,1,944
Nup82.1,541,Nsp1.2,613,1,944
Nup82.2,541,Nsp1.1,613,1,944
Nup82.1,541,Nsp1.2,613,1,945
Nup82.2,541,Nsp1.1,613,1,945
Nup82.2,541,Nsp1.2,613,1,945
Nsp1.1,740,Nup82.1,674,1,946
Nsp1.1,740,Nup82.2,674,1,946
Nsp1.2,740,Nup82.1,674,1,946
Nsp1.1,740,Nup82.2,674,1,947
Nsp1.2,740,Nup82.1,674,1,947
Nsp1.2,740,Nup82.2,674,1,947
Nsp1.1,795,Nup159.1,1400,1,952
Nsp1.1,795,Nup159.2,1400,1,952
Nsp1.2,795,Nup159.1,1400,1,952
Nsp1.1,795,Nup159.2,1400,1,953
Nsp1.2,795,Nup159.1,1400,1,953
Nsp1.2,795,Nup159.2,1400,1,953
Nup82.1,469,Nup82.1,573,1,956
Nup82.1,469,Nup82.2,573,1,956
Nup82.2,469,Nup82.1,573,1,956
Nup82.1,469,Nup82.2,573,1,957
Nup82.2,469,Nup82.1,573,1,957
Nup82.2,469,Nup82.2,573,1,957
Nsp1.1,623,Nsp1.1,607,1,960
Nsp1.1,623,Nsp1.2,607,1,960
Nsp1.2,623,Nsp1.1,607,1,960
Nsp1.1,623,Nsp1.2,607,1,961
Nsp1.2,623,Nsp1.1,607,1,961
Nsp1.2,623,Nsp1.2,607,1,961
Nsp1.1,623,Nup159.1,1191,1,964
Nsp1.1,623,Nup159.2,1191,1,964
Nsp1.2,623,Nup159.1,1191,1,964
Nsp1.1,623,Nup159.2,1191,1,965
Nsp1.2,623,Nup159.1,1191,1,965
Nsp1.2,623,Nup159.2,1191,1,965
Nup82.1,469,Nup82.1,569,1,966
Nup82.1,469,Nup82.2,569,1,966
Nup82.2,469,Nup82.1,569,1,966
Nup82.1,469,Nup82.2,569,1,967
Nup82.2,469,Nup82.1,569,1,967
Nup82.2,469,Nup82.2,569,1,967
Nup159.1,1249,Nsp1.1,661,1,972
Nup159.1,1249,Nsp1.2,661,1,972
Nup159.2,1249,Nsp1.1,661,1,972
Nup159.1,1249,Nsp1.2,661,1,973
Nup159.2,1249,Nsp1.1,661,1,973
Nup159.2,1249,Nsp1.2,661,1,973
Dyn2.1,29,Dyn2.1,19,1,976
Dyn2.1,29,Dyn2.2,19,1,976
Dyn2.2,29,Dyn2.1,19,1,976
Dyn2.1,29,Dyn2.2,19,1,977
Dyn2.2,29,Dyn2.1,19,1,977
Dyn2.2,29,Dyn2.2,19,1,977
Nup159.1,1314,Nup82.1,269,1,982
Nup159.1,1314,Nup82.2,269,1,982
Nup159.2,1314,Nup82.1,269,1,982
Nup159.1,1314,Nup82.2,269,1,983
Nup159.2,1314,Nup82.1,269,1,983
Nup159.2,1314,Nup82.2,269,1,983
Nup82.1,541,Nsp1.1,607,1,988
Nup82.1,541,Nsp1.2,607,1,988
Nup82.2,541,Nsp1.1,607,1,988
Nup82.1,541,Nsp1.2,607,1,989
Nup82.2,541,Nsp1.1,607,1,989
Nup82.2,541,Nsp1.2,607,1,989
Nup82.1,517,Nsp1.1,623,1,990
Nup82.1,517,Nsp1.2,623,1,990
Nup82.2,517,Nsp1.1,623,1,990
Nup82.1,517,Nsp1.2,623,1,991
Nup82.2,517,Nsp1.1,623,1,991
Nup82.2,517,Nsp1.2,623,1,991
Gle2.1,201,Gle2.1,243,1,992
Gle2.1,201,Gle2.2,243,1,992
Gle2.2,201,Gle2.1,243,1,992
Gle2.1,201,Gle2.2,243,1,993
Gle2.2,201,Gle2.1,243,1,993
Gle2.2,201,Gle2.2,243,1,993
Nup82.1,675,Nup82.1,671,1,994
Nup82.1,675,Nup82.2,671,1,994
Nup82.2,675,Nup82.1,671,1,994
Nup82.1,675,Nup82.2,671,1,995
Nup82.2,675,Nup82.1,671,1,995
Nup82.2,675,Nup82.2,671,1,995
Nsp1.1,692,Nup159.1,1292,1,996
Nsp1.1,692,Nup159.2,1292,1,996
Nsp1.2,692,Nup159.1,1292,1,996
Nsp1.1,692,Nup159.2,1292,1,997
Nsp1.2,692,Nup159.1,1292,1,997
Nsp1.2,692,Nup159.2,1292,1,997
Nup82.1,455,Nup82.1,413,1,998
Nup82.1,455,Nup82.2,413,1,998
Nup82.2,455,Nup82.1,413,1,998
Nup82.1,455,Nup82.2,413,1,999
Nup82.2,455,Nup82.1,413,1,999
Nup82.2,455,Nup82.2,413,1,999
Nup82.1,251,Nup82.1,274,1,1002
Nup82.1,251,Nup82.2,274,1,1002
Nup82.2,251,Nup82.1,274,1,1002
Nup82.1,251,Nup82.2,274,1,1003
Nup82.2,251,Nup82.1,274,1,1003
Nup82.2,251,Nup82.2,274,1,1003
Nup82.1,674,Nup82.1,632,1,1028
Nup82.1,674,Nup82.2,632,1,1028
Nup82.2,674,Nup82.1,632,1,1028
Nup82.1,674,Nup82.2,632,1,1029
Nup82.2,674,Nup82.1,632,1,1029
Nup82.2,674,Nup82.2,632,1,1029
Nup82.1,675,Nup82.1,632,1,1044
Nup82.1,675,Nup82.2,632,1,1044
Nup82.2,675,Nup82.1,632,1,1044
Nup82.1,675,Nup82.2,632,1,1045
Nup82.2,675,Nup82.1,632,1,1045
Nup82.2,675,Nup82.2,632,1,1045
Nsp1.1,643,Nsp1.1,628,1,1056
Nsp1.1,643,Nsp1.2,628,1,1056
Nsp1.2,643,Nsp1.1,628,1,1056
Nsp1.1,643,Nsp1.2,628,1,1057
Nsp1.2,643,Nsp1.1,628,1,1057
Nsp1.2,643,Nsp1.2,628,1,1057
Nup82.1,469,Nsp1.1,692,1,1062
Nup82.1,469,Nsp1.2,692,1,1062
Nup82.2,469,Nsp1.1,692,1,1062
Nup82.1,469,Nsp1.2,692,1,1063
Nup82.2,469,Nsp1.1,692,1,1063
Nup82.2,469,Nsp1.2,692,1,1063
Nup82.1,246,Nup159.1,1417,1,1066
Nup82.1,246,Nup159.2,1417,1,1066
Nup82.2,246,Nup159.1,1417,1,1066
Nup82.1,246,Nup159.2,1417,1,1067
Nup82.2,246,Nup159.1,1417,1,1067
Nup82.2,246,Nup159.2,1417,1,1067
Nup159.1,1198,Nup82.1,541,1,1068
Nup159.1,1198,Nup82.2,541,1,1068
Nup159.2,1198,Nup82.1,541,1,1068
Nup159.1,1198,Nup82.2,541,1,1069
Nup159.2,1198,Nup82.1,541,1,1069
Nup159.2,1198,Nup82.2,541,1,1069
Nup82.1,497,Nup82.1,541,1,1070
Nup82.1,497,Nup82.2,541,1,1070
Nup82.2,497,Nup82.1,541,1,1070
Nup82.1,497,Nup82.2,541,1,1071
Nup82.2,497,Nup82.1,541,1,1071
Nup82.2,497,Nup82.2,541,1,1071
Nup82.1,649,Nup82.1,671,1,1078
Nup82.1,649,Nup82.2,671,1,1078
Nup82.2,649,Nup82.1,671,1,1078
Nup82.1,649,Nup82.2,671,1,1079
Nup82.2,649,Nup82.1,671,1,1079
Nup82.2,649,Nup82.2,671,1,1079
Nup82.1,246,Nup82.1,251,1,1082
Nup82.1,246,Nup82.2,251,1,1082
Nup82.2,246,Nup82.1,251,1,1082
Nup82.1,246,Nup82.2,251,1,1083
Nup82.2,246,Nup82.1,251,1,1083
Nup82.2,246,Nup82.2,251,1,1083
Nup82.1,246,Nup159.1,1447,1,1084
Nup82.1,246,Nup159.2,1447,1,1084
Nup82.2,246,Nup159.1,1447,1,1084
Nup82.1,246,Nup159.2,1447,1,1085
Nup82.2,246,Nup159.1,1447,1,1085
Nup82.2,246,Nup159.2,1447,1,1085
Dyn2.1,63,Nup159.1,1249,1,1086
Dyn2.1,63,Nup159.2,1249,1,1086
Dyn2.2,63,Nup159.1,1249,1,1086
Dyn2.1,63,Nup159.2,1249,1,1087
Dyn2.2,63,Nup159.1,1249,1,1087
Dyn2.2,63,Nup159.2,1249,1,1087
Nsp1.1,607,Nup82.1,569,1,1096
Nsp1.1,607,Nup82.2,569,1,1096
Nsp1.2,607,Nup82.1,569,1,1096
Nsp1.1,607,Nup82.2,569,1,1097
Nsp1.2,607,Nup82.1,569,1,1097
Nsp1.2,607,Nup82.2,569,1,1097
Nsp1.1,623,Nsp1.1,613,1,1098
Nsp1.1,623,Nsp1.2,613,1,1098
Nsp1.2,623,Nsp1.1,613,1,1098
Nsp1.1,623,Nsp1.2,613,1,1099
Nsp1.2,623,Nsp1.1,613,1,1099
Nsp1.2,623,Nsp1.2,613,1,1099
Nup82.1,617,Nup82.1,622,1,1106
Nup82.1,617,Nup82.2,622,1,1106
Nup82.2,617,Nup82.1,622,1,1106
Nup82.1,617,Nup82.2,622,1,1107
Nup82.2,617,Nup82.1,622,1,1107
Nup82.2,617,Nup82.2,622,1,1107
Nup159.1,1384,Nup159.1,1372,1,1112
Nup159.1,1384,Nup159.2,1372,1,1112
Nup159.2,1384,Nup159.1,1372,1,1112
Nup159.1,1384,Nup159.2,1372,1,1113
Nup159.2,1384,Nup159.1,1372,1,1113
Nup159.2,1384,Nup159.2,1372,1,1113
Nup159.1,1414,Nup159.2,1414,1,1114
Dyn2.1,12,Dyn2.1,21,1,1116
Dyn2.1,12,Dyn2.2,21,1,1116
Dyn2.2,12,Dyn2.1,21,1,1116
Dyn2.1,12,Dyn2.2,21,1,1117
Dyn2.2,12,Dyn2.1,21,1,1117
Dyn2.2,12,Dyn2.2,21,1,1117
Nup159.1,1416,Nup159.1,1414,1,1120
Nup159.1,1416,Nup159.2,1414,1,1120
Nup159.2,1416,Nup159.1,1414,1,1120
Nup159.1,1416,Nup159.2,1414,1,1121
Nup159.2,1416,Nup159.1,1414,1,1121
Nup159.2,1416,Nup159.2,1414,1,1121
Nup82.1,671,Nup159.1,1372,1,1122
Nup82.1,671,Nup159.2,1372,1,1122
Nup82.2,671,Nup159.1,1372,1,1122
Nup82.1,671,Nup159.2,1372,1,1123
Nup82.2,671,Nup159.1,1372,1,1123
Nup82.2,671,Nup159.2,1372,1,1123
Nup159.1,1367,Nup159.1,1397,1,1126
Nup159.1,1367,Nup159.2,1397,1,1126
Nup159.2,1367,Nup159.1,1397,1,1126
Nup159.1,1367,Nup159.2,1397,1,1127
Nup159.2,1367,Nup159.1,1397,1,1127
Nup159.2,1367,Nup159.2,1397,1,1127
Nup159.1,1397,Nup159.1,1372,1,1128
Nup159.1,1397,Nup159.2,1372,1,1128
Nup159.2,1397,Nup159.1,1372,1,1128
Nup159.1,1397,Nup159.2,1372,1,1129
Nup159.2,1397,Nup159.1,1372,1,1129
Nup159.2,1397,Nup159.2,1372,1,1129
Nup159.1,1384,Nup159.1,1400,1,1134
Nup159.1,1384,Nup159.2,1400,1,1134
Nup159.2,1384,Nup159.1,1400,1,1134
Nup159.1,1384,Nup159.2,1400,1,1135
Nup159.2,1384,Nup159.1,1400,1,1135
Nup159.2,1384,Nup159.2,1400,1,1135
Nup82.1,671,Nup82.1,622,1,1136
Nup82.1,671,Nup82.2,622,1,1136
Nup82.2,671,Nup82.1,622,1,1136
Nup82.1,671,Nup82.2,622,1,1137
Nup82.2,671,Nup82.1,622,1,1137
Nup82.2,671,Nup82.2,622,1,1137
Nup82.1,674,Nup159.1,1372,1,1138
Nup82.1,674,Nup159.2,1372,1,1138
Nup82.2,674,Nup159.1,1372,1,1138
Nup82.1,674,Nup159.2,1372,1,1139
Nup82.2,674,Nup159.1,1372,1,1139
Nup82.2,674,Nup159.2,1372,1,1139
Nup82.1,671,Nup82.1,632,1,1140
Nup82.1,671,Nup82.2,632,1,1140
Nup82.2,671,Nup82.1,632,1,1140
Nup82.1,671,Nup82.2,632,1,1141
Nup82.2,671,Nup82.1,632,1,1141
Nup82.2,671,Nup82.2,632,1,1141
Nup82.1,608,Nup82.1,622,1,1144
Nup82.1,608,Nup82.2,622,1,1144
Nup82.2,608,Nup82.1,622,1,1144
Nup82.1,608,Nup82.2,622,1,1145
Nup82.2,608,Nup82.1,622,1,1145
Nup82.2,608,Nup82.2,622,1,1145
Nup82.1,659,Nup82.1,671,1,1148
Nup82.1,659,Nup82.2,671,1,1148
Nup82.2,659,Nup82.1,671,1,1148
Nup82.1,659,Nup82.2,671,1,1149
Nup82.2,659,Nup82.1,671,1,1149
Nup82.2,659,Nup82.2,671,1,1149
Nup159.1,1414,Nup82.1,269,1,1152
Nup159.1,1414,Nup82.2,269,1,1152
Nup159.2,1414,Nup82.1,269,1,1152
Nup159.1,1414,Nup82.2,269,1,1153
Nup159.2,1414,Nup82.1,269,1,1153
Nup159.2,1414,Nup82.2,269,1,1153
Nup159.1,1314,Nup159.1,1332,1,1164
Nup159.1,1314,Nup159.2,1332,1,1164
Nup159.2,1314,Nup159.1,1332,1,1164
Nup159.1,1314,Nup159.2,1332,1,1165
Nup159.2,1314,Nup159.1,1332,1,1165
Nup159.2,1314,Nup159.2,1332,1,1165
Nsp1.1,628,Nsp1.1,635,1,1166
Nsp1.1,628,Nsp1.2,635,1,1166
Nsp1.2,628,Nsp1.1,635,1,1166
Nsp1.1,628,Nsp1.2,635,1,1167
Nsp1.2,628,Nsp1.1,635,1,1167
Nsp1.2,628,Nsp1.2,635,1,1167
Nsp1.1,628,Nsp1.1,643,1,1166
Nsp1.1,628,Nsp1.2,643,1,1166
Nsp1.2,628,Nsp1.1,643,1,1166
Nsp1.1,628,Nsp1.2,643,1,1167
Nsp1.2,628,Nsp1.1,643,1,1167
Nsp1.2,628,Nsp1.2,643,1,1167
Nup159.1,1387,Nup159.2,1387,1,1178
Nsp1.1,740,Nup82.1,675,1,1206
Nsp1.1,740,Nup82.2,675,1,1206
Nsp1.2,740,Nup82.1,675,1,1206
Nsp1.1,740,Nup82.2,675,1,1207
Nsp1.2,740,Nup82.1,675,1,1207
Nsp1.2,740,Nup82.2,675,1,1207
Nsp1.1,740,Nup82.1,671,1,1208
Nsp1.1,740,Nup82.2,671,1,1208
Nsp1.2,740,Nup82.1,671,1,1208
Nsp1.1,740,Nup82.2,671,1,1209
Nsp1.2,740,Nup82.1,671,1,1209
Nsp1.2,740,Nup82.2,671,1,1209
Nsp1.1,628,Nsp1.1,607,1,1210
Nsp1.1,628,Nsp1.2,607,1,1210
Nsp1.2,628,Nsp1.1,607,1,1210
Nsp1.1,628,Nsp1.2,607,1,1211
Nsp1.2,628,Nsp1.1,607,1,1211
Nsp1.2,628,Nsp1.2,607,1,1211
Nsp1.1,795,Nup159.1,1384,1,1224
Nsp1.1,795,Nup159.2,1384,1,1224
Nsp1.2,795,Nup159.1,1384,1,1224
Nsp1.1,795,Nup159.2,1384,1,1225
Nsp1.2,795,Nup159.1,1384,1,1225
Nsp1.2,795,Nup159.2,1384,1,1225
Nsp1.1,643,Nsp1.1,661,1,1226
Nsp1.1,643,Nsp1.2,661,1,1226
Nsp1.2,643,Nsp1.1,661,1,1226
Nsp1.1,643,Nsp1.2,661,1,1227
Nsp1.2,643,Nsp1.1,661,1,1227
Nsp1.2,643,Nsp1.2,661,1,1227
Nup82.1,517,Nup159.1,1191,1,1228
Nup82.1,517,Nup159.2,1191,1,1228
Nup82.2,517,Nup159.1,1191,1,1228
Nup82.1,517,Nup159.2,1191,1,1229
Nup82.2,517,Nup159.1,1191,1,1229
Nup82.2,517,Nup159.2,1191,1,1229
Nup116.1,842,Nup116.1,856,1,1246
Nup116.1,842,Nup116.2,856,1,1246
Nup116.2,842,Nup116.1,856,1,1246
Nup116.1,842,Nup116.2,856,1,1247
Nup116.2,842,Nup116.1,856,1,1247
Nup116.2,842,Nup116.2,856,1,1247
Nup159.1,1417,Nup82.1,251,1,1258
Nup159.1,1417,Nup82.2,251,1,1258
Nup159.2,1417,Nup82.1,251,1,1258
Nup159.1,1417,Nup82.2,251,1,1259
Nup159.2,1417,Nup82.1,251,1,1259
Nup159.2,1417,Nup82.2,251,1,1259
Nup159.1,1460,Nup82.1,355,1,1260
Nup159.1,1460,Nup82.2,355,1,1260
Nup159.2,1460,Nup82.1,355,1,1260
Nup159.1,1460,Nup82.2,355,1,1261
Nup159.2,1460,Nup82.1,355,1,1261
Nup159.2,1460,Nup82.2,355,1,1261
Nup159.1,1417,Nup159.1,1414,1,1262
Nup159.1,1417,Nup159.2,1414,1,1262
Nup159.2,1417,Nup159.1,1414,1,1262
Nup159.1,1417,Nup159.2,1414,1,1263
Nup159.2,1417,Nup159.1,1414,1,1263
Nup159.2,1417,Nup159.2,1414,1,1263
Nup82.1,269,Nup159.1,1343,1,1266
Nup82.1,269,Nup159.2,1343,1,1266
Nup82.2,269,Nup159.1,1343,1,1266
Nup82.1,269,Nup159.2,1343,1,1267
Nup82.2,269,Nup159.1,1343,1,1267
Nup82.2,269,Nup159.2,1343,1,1267
Nup159.1,1384,Nup159.1,1387,1,1270
Nup159.1,1384,Nup159.2,1387,1,1270
Nup159.2,1384,Nup159.1,1387,1,1270
Nup159.1,1384,Nup159.2,1387,1,1271
Nup159.2,1384,Nup159.1,1387,1,1271
Nup159.2,1384,Nup159.2,1387,1,1271
Nup82.1,608,Nup82.1,604,1,1272
Nup82.1,608,Nup82.2,604,1,1272
Nup82.2,608,Nup82.1,604,1,1272
Nup82.1,608,Nup82.2,604,1,1273
Nup82.2,608,Nup82.1,604,1,1273
Nup82.2,608,Nup82.2,604,1,1273
Dyn2.1,34,Dyn2.1,47,1,1274
Dyn2.1,34,Dyn2.2,47,1,1274
Dyn2.2,34,Dyn2.1,47,1,1274
Dyn2.1,34,Dyn2.2,47,1,1275
Dyn2.2,34,Dyn2.1,47,1,1275
Dyn2.2,34,Dyn2.2,47,1,1275
Nsp1.1,628,Nsp1.1,619,1,1278
Nsp1.1,628,Nsp1.2,619,1,1278
Nsp1.2,628,Nsp1.1,619,1,1278
Nsp1.1,628,Nsp1.2,619,1,1279
Nsp1.2,628,Nsp1.1,619,1,1279
Nsp1.2,628,Nsp1.2,619,1,1279
Nsp1.1,740,Nup82.1,632,1,1280
Nsp1.1,740,Nup82.2,632,1,1280
Nsp1.2,740,Nup82.1,632,1,1280
Nsp1.1,740,Nup82.2,632,1,1281
Nsp1.2,740,Nup82.1,632,1,1281
Nsp1.2,740,Nup82.2,632,1,1281
Nup159.1,1397,Nup159.1,1400,1,1282
Nup159.1,1397,Nup159.2,1400,1,1282
Nup159.2,1397,Nup159.1,1400,1,1282
Nup159.1,1397,Nup159.2,1400,1,1283
Nup159.2,1397,Nup159.1,1400,1,1283
Nup159.2,1397,Nup159.2,1400,1,1283
Nup82.1,622,Nup82.1,632,1,1284
Nup82.1,622,Nup82.2,632,1,1284
Nup82.2,622,Nup82.1,632,1,1284
Nup82.1,622,Nup82.2,632,1,1285
Nup82.2,622,Nup82.1,632,1,1285
Nup82.2,622,Nup82.2,632,1,1285
Nup159.1,1397,Nup159.1,1387,1,1286
Nup159.1,1397,Nup159.2,1387,1,1286
Nup159.2,1397,Nup159.1,1387,1,1286
Nup159.1,1397,Nup159.2,1387,1,1287
Nup159.2,1397,Nup159.1,1387,1,1287
Nup159.2,1397,Nup159.2,1387,1,1287
Nup159.1,1384,Nup159.1,1397,1,1290
Nup159.1,1384,Nup159.2,1397,1,1290
Nup159.2,1384,Nup159.1,1397,1,1290
Nup159.1,1384,Nup159.2,1397,1,1291
Nup159.2,1384,Nup159.1,1397,1,1291
Nup159.2,1384,Nup159.2,1397,1,1291
Nup159.1,1372,Nup159.1,1387,1,1292
Nup159.1,1372,Nup159.2,1387,1,1292
Nup159.2,1372,Nup159.1,1387,1,1292
Nup159.1,1372,Nup159.2,1387,1,1293
Nup159.2,1372,Nup159.1,1387,1,1293
Nup159.2,1372,Nup159.2,1387,1,1293
Nup82.1,587,Nup82.1,580,1,1294
Nup82.1,587,Nup82.2,580,1,1294
Nup82.2,587,Nup82.1,580,1,1294
Nup82.1,587,Nup82.2,580,1,1295
Nup82.2,587,Nup82.1,580,1,1295
Nup82.2,587,Nup82.2,580,1,1295
Nup82.1,629,Nup82.1,269,1,1296
Nup82.1,629,Nup82.2,269,1,1296
Nup82.2,629,Nup82.1,269,1,1296
Nup82.1,629,Nup82.2,269,1,1297
Nup82.2,629,Nup82.1,269,1,1297
Nup82.2,629,Nup82.2,269,1,1297
Gle2.1,208,Gle2.1,250,1,1298
Gle2.1,208,Gle2.2,250,1,1298
Gle2.2,208,Gle2.1,250,1,1298
Gle2.1,208,Gle2.2,250,1,1299
Gle2.2,208,Gle2.1,250,1,1299
Gle2.2,208,Gle2.2,250,1,1299
Nup82.1,251,Nup159.1,1414,1,1300
Nup82.1,251,Nup159.2,1414,1,1300
Nup82.2,251,Nup159.1,1414,1,1300
Nup82.1,251,Nup159.2,1414,1,1301
Nup82.2,251,Nup159.1,1414,1,1301
Nup82.2,251,Nup159.2,1414,1,1301
Nup116.1,852,Nup116.1,856,1,1304
Nup116.1,852,Nup116.2,856,1,1304
Nup116.2,852,Nup116.1,856,1,1304
Nup116.1,852,Nup116.2,856,1,1305
Nup116.2,852,Nup116.1,856,1,1305
Nup116.2,852,Nup116.2,856,1,1305
Nup82.1,632,Nup159.1,1372,1,1306
Nup82.1,632,Nup159.2,1372,1,1306
Nup82.2,632,Nup159.1,1372,1,1306
Nup82.1,632,Nup159.2,1372,1,1307
Nup82.2,632,Nup159.1,1372,1,1307
Nup82.2,632,Nup159.2,1372,1,1307
Nup159.1,1387,Nup159.1,1400,1,1308
Nup159.1,1387,Nup159.2,1400,1,1308
Nup159.2,1387,Nup159.1,1400,1,1308
Nup159.1,1387,Nup159.2,1400,1,1309
Nup159.2,1387,Nup159.1,1400,1,1309
Nup159.2,1387,Nup159.2,1400,1,1309
Nup159.1,1387,Nup159.1,1372,1,1310
Nup159.1,1387,Nup159.2,1372,1,1310
Nup159.2,1387,Nup159.1,1372,1,1310
Nup159.1,1387,Nup159.2,1372,1,1311
Nup159.2,1387,Nup159.1,1372,1,1311
Nup159.2,1387,Nup159.2,1372,1,1311
Nsp1.1,778,Nup159.1,1372,1,1312
Nsp1.1,778,Nup159.2,1372,1,1312
Nsp1.2,778,Nup159.1,1372,1,1312
Nsp1.1,778,Nup159.2,1372,1,1313
Nsp1.2,778,Nup159.1,1372,1,1313
Nsp1.2,778,Nup159.2,1372,1,1313
Nsp1.1,778,Nup159.1,1374,1,1312
Nsp1.1,778,Nup159.2,1374,1,1312
Nsp1.2,778,Nup159.1,1374,1,1312
Nsp1.1,778,Nup159.2,1374,1,1313
Nsp1.2,778,Nup159.1,1374,1,1313
Nsp1.2,778,Nup159.2,1374,1,1313
Nup82.1,162,Nup82.1,168,1,1318
Nup82.1,162,Nup82.2,168,1,1318
Nup82.2,162,Nup82.1,168,1,1318
Nup82.1,162,Nup82.2,168,1,1319
Nup82.2,162,Nup82.1,168,1,1319
Nup82.2,162,Nup82.2,168,1,1319
Nup82.1,541,Nup82.1,569,1,1320
Nup82.1,541,Nup82.2,569,1,1320
Nup82.2,541,Nup82.1,569,1,1320
Nup82.1,541,Nup82.2,569,1,1321
Nup82.2,541,Nup82.1,569,1,1321
Nup82.2,541,Nup82.2,569,1,1321